{
    "Repositories": [
        {
            "Repo1": [
                {
                    "Cognome": "Lupo",
                    "Nome": "Luca",
                    "Utente_Github": "--",
                    "Nome_Repo": "--"
                }
            ],
            
            "Repo2": [
                {
                    "Cognome": "Rossi",
                    "Nome": "Mario",
                    "Utente_Github": "MarioRossi",
                    "Nome_Repo": "Rossi-Mario-github"
                }
            ]
        }
    ],
    "Total_repos": 10,
    "Current_page": 2,
    "Total_pages": 4
}